Device,Acc_x,Acc_y,Acc_z
2.0,-3999.951432962887,190.0548451259488,-252.88244617767023
2.0,-4053.567276626337,11.940618412050068,33.957757758068254
